{
	"credit": "Made with Blockbench",
	"ambientocclusion": false,
	"texture_size": [32, 32],
	"textures": {
		"particle": "block/melon_stem_stage2",
		"stem": "block/melon_stem_stage2",
		"upperstem": "block/attached_melon_stem"
	},
	"elements": [
		{
			"from": [0, -1, 8],
			"to": [16, 7, 8],
			"rotation": {"angle": 45, "axis": "y", "origin": [8, 8, 8], "rescale": true},
			"faces": {
				"north": {"uv": [0, 8, 8, 12], "texture": "#stem", "tintindex": 0},
				"east": {"uv": [0, 8, 0.5, 4], "texture": "#stem"},
				"south": {"uv": [8, 8, 0, 12], "texture": "#stem", "tintindex": 0},
				"west": {"uv": [0, 8, 0.5, 4], "texture": "#stem"},
				"up": {"uv": [0, 0, 0, 0], "texture": "#stem"},
				"down": {"uv": [0, 0, 0, 0], "texture": "#stem"}
			}
		},
		{
			"from": [8, -1, 0],
			"to": [8, 7, 16],
			"rotation": {"angle": 45, "axis": "y", "origin": [8, 8, 8], "rescale": true},
			"faces": {
				"north": {"uv": [0, 8, 0.5, 4], "texture": "#stem"},
				"east": {"uv": [8, 8, 0, 12], "texture": "#stem", "tintindex": 0},
				"south": {"uv": [0, 8, 0.5, 4], "texture": "#stem"},
				"west": {"uv": [0, 8, 8, 12], "texture": "#stem", "tintindex": 0},
				"up": {"uv": [0, 0, 0, 0], "texture": "#stem"},
				"down": {"uv": [0, 0, 0, 0], "texture": "#stem"}
			}
		},
		{
			"from": [0, 0, 8],
			"to": [9, 16, 8],
			"faces": {
				"north": {"uv": [4.5, 8, 0, 16], "texture": "#upperstem", "tintindex": 0},
				"south": {"uv": [0, 8, 4.5, 16], "texture": "#upperstem", "tintindex": 0}
			}
		},
		{
			"from": [6, 19, 6],
			"to": [10, 23, 10],
			"faces": {
				"north": {"uv": [0, 2, 2, 4], "texture": "#upperstem"},
				"east": {"uv": [2, 2, 4, 4], "texture": "#upperstem"},
				"south": {"uv": [4, 2, 6, 4], "texture": "#upperstem"},
				"west": {"uv": [6, 2, 8, 4], "texture": "#upperstem"},
				"up": {"uv": [2, 0, 4, 2], "texture": "#upperstem"},
				"down": {"uv": [4, 0, 6, 2], "texture": "#upperstem"}
			}
		},
		{
			"from": [6, 18, 6],
			"to": [10, 22, 10],
			"faces": {
				"north": {"uv": [8, 2, 10, 4], "texture": "#upperstem"},
				"east": {"uv": [10, 2, 12, 4], "texture": "#upperstem"},
				"south": {"uv": [12, 2, 14, 4], "texture": "#upperstem"},
				"west": {"uv": [14, 2, 16, 4], "texture": "#upperstem"},
				"up": {"uv": [10, 0, 12, 2], "texture": "#upperstem"},
				"down": {"uv": [12, 0, 14, 2], "texture": "#upperstem"}
			}
		}
	]
}