{
	"credit": "Made with Blockbench",
	"ambientocclusion": false,
	"texture_size": [32, 32],
	"textures": {
		"particle": "#crop"
	},
	"elements": [
		{
			"from": [4, -1, 0],
			"to": [4, 15, 16],
			"faces": {
				"north": {"uv": [0, 0, 0, 0], "texture": "#crop"},
				"east": {"uv": [8, 8, 0, 16], "texture": "#crop"},
				"south": {"uv": [0, 0, 0, 0], "texture": "#crop"},
				"west": {"uv": [0, 8, 8, 16], "texture": "#crop"},
				"up": {"uv": [0, 0, 0, 0], "texture": "#crop"},
				"down": {"uv": [0, 0, 0, 0], "texture": "#crop"}
			}
		},
		{
			"from": [12, -1, 0],
			"to": [12, 15, 16],
			"faces": {
				"north": {"uv": [0, 0, 0, 0], "texture": "#crop"},
				"east": {"uv": [0, 8, 8, 16], "texture": "#crop"},
				"south": {"uv": [0, 0, 0, 0], "texture": "#crop"},
				"west": {"uv": [8, 8, 0, 16], "texture": "#crop"},
				"up": {"uv": [0, 0, 0, 0], "texture": "#crop"},
				"down": {"uv": [0, 0, 0, 0], "texture": "#crop"}
			}
		},
		{
			"from": [-1, -1, 4],
			"to": [15, 15, 4],
			"faces": {
				"north": {"uv": [0, 8, 8, 16], "texture": "#crop"},
				"east": {"uv": [0, 0, 0, 0], "texture": "#crop"},
				"south": {"uv": [8, 8, 0, 16], "texture": "#crop"},
				"west": {"uv": [0, 0, 0, 0], "texture": "#crop"},
				"up": {"uv": [0, 0, 0, 0], "texture": "#crop"},
				"down": {"uv": [0, 0, 0, 0], "texture": "#crop"}
			}
		},
		{
			"from": [0, -1, 12],
			"to": [16, 15, 12],
			"faces": {
				"north": {"uv": [8, 8, 0, 16], "texture": "#crop"},
				"east": {"uv": [0, 0, 0, 0], "texture": "#crop"},
				"south": {"uv": [0, 8, 8, 16], "texture": "#crop"},
				"west": {"uv": [0, 0, 0, 0], "texture": "#crop"},
				"up": {"uv": [0, 0, 0, 0], "texture": "#crop"},
				"down": {"uv": [0, 0, 0, 0], "texture": "#crop"}
			}
		},
		{
			"from": [6, 19, 6],
			"to": [10, 23, 10],
			"faces": {
				"north": {"uv": [0, 2, 2, 4], "texture": "#crop"},
				"east": {"uv": [2, 2, 4, 4], "texture": "#crop"},
				"south": {"uv": [4, 2, 6, 4], "texture": "#crop"},
				"west": {"uv": [6, 2, 8, 4], "texture": "#crop"},
				"up": {"uv": [2, 0, 4, 2], "texture": "#crop"},
				"down": {"uv": [4, 0, 6, 2], "texture": "#crop"}
			}
		},
		{
			"from": [6, 18, 6],
			"to": [10, 22, 10],
			"faces": {
				"north": {"uv": [8, 2, 10, 4], "texture": "#crop"},
				"east": {"uv": [10, 2, 12, 4], "texture": "#crop"},
				"south": {"uv": [12, 2, 14, 4], "texture": "#crop"},
				"west": {"uv": [14, 2, 16, 4], "texture": "#crop"},
				"up": {"uv": [10, 0, 12, 2], "texture": "#crop"},
				"down": {"uv": [12, 0, 14, 2], "texture": "#crop"}
			}
		}
	]
}