{
	"credit": "Made with Blockbench",
	"ambientocclusion": false,
	"texture_size": [32, 32],
	"textures": {
		"particle": "#cross"
	},
	"elements": [
		{
			"from": [0.8, 0, 8],
			"to": [15.2, 16, 8],
			"shade": false,
			"rotation": {"angle": 45, "axis": "y", "origin": [8, 8, 8], "rescale": true},
			"faces": {
				"north": {"uv": [0, 8, 8, 16], "texture": "#cross"},
				"east": {"uv": [0, 0, 0, 0], "texture": "#cross"},
				"south": {"uv": [0, 8, 8, 16], "texture": "#cross"},
				"west": {"uv": [0, 0, 0, 0], "texture": "#cross"},
				"up": {"uv": [0, 0, 0, 0], "texture": "#cross"},
				"down": {"uv": [0, 0, 0, 0], "texture": "#cross"}
			}
		},
		{
			"from": [8, 0, 0.8],
			"to": [8, 16, 15.2],
			"shade": false,
			"rotation": {"angle": 45, "axis": "y", "origin": [8, 8, 8], "rescale": true},
			"faces": {
				"north": {"uv": [0, 0, 0, 0], "texture": "#cross"},
				"east": {"uv": [0, 8, 8, 16], "texture": "#cross"},
				"south": {"uv": [0, 0, 0, 0], "texture": "#cross"},
				"west": {"uv": [0, 8, 8, 16], "texture": "#cross"},
				"up": {"uv": [0, 0, 0, 0], "texture": "#cross"},
				"down": {"uv": [0, 0, 0, 0], "texture": "#cross"}
			}
		},
		{
			"from": [6, 19, 6],
			"to": [10, 23, 10],
			"faces": {
				"north": {"uv": [0, 2, 2, 4], "texture": "#cross"},
				"east": {"uv": [2, 2, 4, 4], "texture": "#cross"},
				"south": {"uv": [4, 2, 6, 4], "texture": "#cross"},
				"west": {"uv": [6, 2, 8, 4], "texture": "#cross"},
				"up": {"uv": [2, 0, 4, 2], "texture": "#cross"},
				"down": {"uv": [4, 0, 6, 2], "texture": "#cross"}
			}
		},
		{
			"from": [6, 18, 6],
			"to": [10, 22, 10],
			"faces": {
				"north": {"uv": [8, 2, 10, 4], "texture": "#cross"},
				"east": {"uv": [10, 2, 12, 4], "texture": "#cross"},
				"south": {"uv": [12, 2, 14, 4], "texture": "#cross"},
				"west": {"uv": [14, 2, 16, 4], "texture": "#cross"},
				"up": {"uv": [10, 0, 12, 2], "texture": "#cross"},
				"down": {"uv": [12, 0, 14, 2], "texture": "#cross"}
			}
		}
	]
}